{"_type":"export","__export_format":4,"__export_date":"2022-04-27T08:46:53.514Z","__export_source":"insomnia.desktop.app:v2022.2.1","resources":[{"_id":"req_a71b848a53c74fe5871f0b6fe93a0d5b","parentId":"wrk_c0c911d0dca04a24928a01d7b65d6783","modified":1651047703979,"created":1651047703979,"url":"http://localhost:3000/api/v0.0/tasks/","name":"New Request","description":"","method":"GET","body":{"mimeType":"application/json","text":""},"parameters":[],"headers":[{"name":"Content-Type","value":"application/json","id":"pair_218dbc91ef3b4c1796fcf5ec3aac0cac"}],"authentication":{},"metaSortKey":-1650537711544,"isPrivate":false,"settingStoreCookies":true,"settingSendCookies":true,"settingDisableRenderRequestBody":false,"settingEncodeUrl":true,"settingRebuildPath":true,"settingFollowRedirects":"global","_type":"request"},{"_id":"wrk_c0c911d0dca04a24928a01d7b65d6783","parentId":null,"modified":1651047703951,"created":1651047703951,"name":"BackendTareas","description":"","scope":"design","_type":"workspace"},{"_id":"req_f84f04186d174fe183620b7d94451c54","parentId":"wrk_c0c911d0dca04a24928a01d7b65d6783","modified":1651047736507,"created":1651047703983,"url":"http://localhost:3000/api/v0.0/task/","name":"POST","description":"","method":"POST","body":{"mimeType":"application/json","text":"{\n\t\"id\":4,\n\t\"description\":\"Comprar leche\",\n\t\"done\":false\n}"},"parameters":[],"headers":[{"name":"Content-Type","value":"application/json","id":"pair_c1154f31c5fe4074a75bee097ee30ea0"}],"authentication":{},"metaSortKey":-1650537711519,"isPrivate":false,"settingStoreCookies":true,"settingSendCookies":true,"settingDisableRenderRequestBody":false,"settingEncodeUrl":true,"settingRebuildPath":true,"settingFollowRedirects":"global","_type":"request"},{"_id":"req_cf29563d1dd04904bd5d57f29ab33965","parentId":"wrk_c0c911d0dca04a24928a01d7b65d6783","modified":1651047722905,"created":1651047703988,"url":"http://localhost:3000/api/v0.0/task/","name":"PUT","description":"","method":"PUT","body":{"mimeType":"application/json","text":"{\n\t\"id\":1,\n\t\"description\":\"tirar pan\",\n\t\"done\":false\n}"},"parameters":[],"headers":[{"name":"Content-Type","value":"application/json","id":"pair_093873eda3854b43835b9b45c4ee92b1"}],"authentication":{},"metaSortKey":-1650537645760,"isPrivate":false,"settingStoreCookies":true,"settingSendCookies":true,"settingDisableRenderRequestBody":false,"settingEncodeUrl":true,"settingRebuildPath":true,"settingFollowRedirects":"global","_type":"request"},{"_id":"req_9d8a9adce4b0443f90d84cf2366dc80f","parentId":"wrk_c0c911d0dca04a24928a01d7b65d6783","modified":1651047723839,"created":1651047703993,"url":"http://localhost:3000/api/v0.0/task/","name":"DELETE","description":"","method":"DELETE","body":{"mimeType":"application/json","text":"{\n\t\"id\": 2\n}"},"parameters":[],"headers":[{"name":"Content-Type","value":"application/json","id":"pair_ab72536553ea45608197a93541583f17"}],"authentication":{},"metaSortKey":-1650537645710,"isPrivate":false,"settingStoreCookies":true,"settingSendCookies":true,"settingDisableRenderRequestBody":false,"settingEncodeUrl":true,"settingRebuildPath":true,"settingFollowRedirects":"global","_type":"request"},{"_id":"env_c833fa374e4f4083a32c339004e28448","parentId":"wrk_c0c911d0dca04a24928a01d7b65d6783","modified":1651048520031,"created":1651047703958,"name":"Base Environment","data":{},"dataPropertyOrder":{},"color":null,"isPrivate":false,"metaSortKey":1649401418230,"_type":"environment"},{"_id":"jar_cfbb8e4a7eac4534b5c342e91e257c4f","parentId":"wrk_c0c911d0dca04a24928a01d7b65d6783","modified":1651047703967,"created":1651047703967,"name":"Default Jar","cookies":[],"_type":"cookie_jar"},{"_id":"spc_9eb7efed8a00436c8d80024ab42457d9","parentId":"wrk_c0c911d0dca04a24928a01d7b65d6783","modified":1651047704028,"created":1651047703973,"fileName":"BackendTareas","contents":"","contentType":"yaml","_type":"api_spec"},{"_id":"uts_326af44a993246459cad642896496ac1","parentId":"wrk_c0c911d0dca04a24928a01d7b65d6783","modified":1651047703999,"created":1651047703999,"name":"Example Test Suite","_type":"unit_test_suite"}]}